case_id,edema_center,edema_radius,sigma_fat_curve,sigma_muscle_curve,sigma_edema_curve,sigma_fat,sigma_muscle,sigma_edema,delta_sigma_max,fat_scale,muscle_scale,edema_scale,estimated_edema_elements,inner_clearance,outer_clearance
case_001_v2,"(0.9090732932090759, 0.02198767475783825)",0.03641266021831475,"[0.024080883711576462, 0.025574468076229095, 0.025751672685146332, 0.025856098160147667, 0.02593204192817211, 0.02599216438829899]","[0.3366635739803314, 0.3475192189216614, 0.35742661356925964, 0.3680945932865143, 0.3793848752975464, 0.39079368114471436]","[0.04893471300601959, 0.051969822496175766, 0.05232992023229599, 0.052542123943567276, 0.05269644781947136, 0.052818626165390015]",0.024080883711576462,0.3366635739803314,0.04893471300601959,0.02485382929444313,1.0547912097111927,0.9877756879504105,1.0717195839822766,12,0.07180834332988772,0.05541998615814547
case_002_v2,"(0.898526132106781, 0.10721287876367569)",0.04056197036348872,"[0.024022364988923073, 0.025512319058179855, 0.02568909339606762, 0.02579326555132866, 0.02586902491748333, 0.025929002091288567]","[0.36032983660697937, 0.37194859981536865, 0.38255244493484497, 0.3939703702926636, 0.40605428814888, 0.41826510429382324]","[0.0422639325261116, 0.0448852963745594, 0.045196302235126495, 0.045379579067230225, 0.04551286622881889, 0.045618388801813126]",0.024022364988923073,0.36032983660697937,0.0422639325261116,0.01824156753718853,1.0522279403980708,1.0572128610553908,0.9256227265351092,14,0.06328140765785717,0.055654415077684316
case_003_v2,"(0.8785595893859863, 0.19308502972126007)",0.04331877180523752,"[0.023486889898777008, 0.024943631142377853, 0.025116464123129845, 0.025218315422534943, 0.02529238536953926, 0.02535102516412735]","[0.36283135414123535, 0.3745307922363281, 0.38520824909210205, 0.39670541882514954, 0.40887323021888733, 0.42116883397102356]","[0.045143261551856995, 0.04794320836663246, 0.048275403678417206, 0.04847116768360138, 0.0486135333776474, 0.048726245760917664]",0.023486889898777008,0.36283135414123535,0.045143261551856995,0.021656371653079987,1.028773024016133,1.064552322654166,0.9886828397654663,15,0.05521865589585795,0.058207625790415274
case_004_v2,"(0.8433823585510254, 0.31547531485557556)",0.037919580617779516,"[0.024325964972376823, 0.02583474852144718, 0.026013756170868874, 0.02611924521625042, 0.026195961982011795, 0.02625669725239277]","[0.3498050272464752, 0.3610844314098358, 0.3713785409927368, 0.3824629485607147, 0.3941939175128937, 0.406048059463501]","[0.048016857355833054, 0.05099503695964813, 0.051348377019166946, 0.051556602120399475, 0.05170803144574165, 0.051827918738126755]",0.024325964972376823,0.3498050272464752,0.048016857355833054,0.02369089238345623,1.0655262343985166,1.0263328798244131,1.0516175480170749,12,0.06163523667802062,0.06258147228736655
case_005_v2,"(0.7748816609382629, 0.45673513412475586)",0.03988738037207228,"[0.020747007802128792, 0.0220338124781847, 0.022186484187841415, 0.02227645181119442, 0.022341880947351456, 0.02239368110895157]","[0.31726428866386414, 0.32749441266059875, 0.33683091402053833, 0.34688419103622437, 0.3575238883495331, 0.36827531456947327]","[0.04733160138130188, 0.05026727914810181, 0.0506155788898468, 0.05082083120942116, 0.05097009986639023, 0.051088277250528336]",0.020747007802128792,0.31726428866386414,0.04733160138130188,0.026584593579173088,0.9087607531574458,0.9308578984135096,1.036609790648491,12,0.05880981087192105,0.06147419791461739
case_006_v2,"(0.7325796484947205, 0.5279359221458435)",0.038403640235763266,"[0.022690990939736366, 0.024098370224237442, 0.024265345185995102, 0.024363745003938675, 0.02443530410528183, 0.02449195832014084]","[0.31966251134872437, 0.32996997237205505, 0.3393770456314087, 0.34950628876686096, 0.36022642254829407, 0.3710591197013855]","[0.042280443012714386, 0.04490283131599426, 0.045213960111141205, 0.045397307723760605, 0.04553064703941345, 0.04563621059060097]",0.022690990939736366,0.31966251134872437,0.042280443012714386,0.01958945207297802,0.9939111622551616,0.9378942718168571,0.9259843010670944,13,0.06387456852656304,0.05937473440979846
case_007_v2,"(0.6700669527053833, 0.5991520881652832)",0.04081217568545262,"[0.022543035447597504, 0.02394123747944832, 0.024107124656438828, 0.024204881861805916, 0.024275975301861763, 0.024332258850336075]","[0.36350733041763306, 0.37522855401039124, 0.38592588901519775, 0.397444486618042, 0.4096349775791168, 0.4219534695148468]","[0.04748881980776787, 0.05043425038456917, 0.050783704966306686, 0.05098963901400566, 0.051139406859874725, 0.05125797167420387]",0.022543035447597504,0.36350733041763306,0.04748881980776787,0.024945784360170364,0.9874303837744662,1.0665356392115677,1.04005302040045,14,0.057432272666159134,0.06100350807461652
case_008_v2,"(0.6164449453353882, 0.6565920114517212)",0.044972762848880486,"[0.023663274943828583, 0.02513095736503601, 0.025305088609457016, 0.0254077035933733, 0.025482330471277237, 0.025541411712765694]","[0.31627336144447327, 0.3264715373516083, 0.3357788920402527, 0.3458007574081421, 0.3564072251319885, 0.3671250641345978]","[0.04291956126689911, 0.04558159038424492, 0.04589742049574852, 0.046083539724349976, 0.04621889442205429, 0.046326056122779846]",0.023663274943828583,0.31627336144447327,0.04291956126689911,0.019256286323070526,1.036499100794995,0.927950496721862,0.9399816404950216,16,0.05508513924711178,0.05503559732007146
case_009_v2,"(0.5186103582382202, 0.7395819425582886)",0.0367179511030396,"[0.024111809208989143, 0.025607310235500336, 0.025784742087125778, 0.025889301672577858, 0.025965344160795212, 0.026025544852018356]","[0.3380294442176819, 0.34892913699150085, 0.3588767349720001, 0.3695879876613617, 0.3809240758419037, 0.39237916469573975]","[0.04628774896264076, 0.04915868118405342, 0.04949929937720299, 0.04970002546906471, 0.04984600096940994, 0.04996157065033913]",0.024111809208989143,0.3380294442176819,0.04628774896264076,0.02217593975365162,1.0561458062043936,0.991783155107668,1.0137482391905788,13,0.06610765244872052,0.06051054508135345
case_010_v2,"(0.370206356048584, 0.8209547996520996)",0.04330369100986994,"[0.02269802615046501, 0.024105839431285858, 0.024272868409752846, 0.024371296167373657, 0.024442879483103752, 0.024499550461769104]","[0.3452768921852112, 0.35641026496887207, 0.3665711283683777, 0.37751203775405884, 0.3890911638736725, 0.40079188346862793]","[0.0480799674987793, 0.05106206238269806, 0.05141586810350418, 0.0516243651509285, 0.05177599564194679, 0.05189603939652443]",0.02269802615046501,0.3452768921852112,0.0480799674987793,0.025381941348314285,0.9942192412286266,1.0130472212962378,1.0529997714832051,14,0.05693285540571902,0.05652356565144789
case_011_v2,"(0.3102928400039673, 0.8480920195579529)",0.04112792965586955,"[0.021934837102890015, 0.023295314982533455, 0.02345672808587551, 0.02355184592306614, 0.023621022701263428, 0.023675788193941116]","[0.30884772539138794, 0.3188064694404602, 0.32789528369903564, 0.3376818597316742, 0.34803929924964905, 0.3585054874420166]","[0.045082103461027145, 0.04787826165556908, 0.04821000620722771, 0.04840550199151039, 0.04854767769575119, 0.04866023734211922]",0.021934837102890015,0.30884772539138794,0.045082103461027145,0.02314726635813713,0.9607900196125225,0.9061635669135879,0.9873434778464725,15,0.06166058741880853,0.05614415060879363
case_012_v2,"(0.19214721024036407, 0.8794957399368286)",0.044928747720903425,"[0.02161516807973385, 0.022955819964408875, 0.023114878684282303, 0.023208612576127052, 0.023276779800653458, 0.023330748081207275]","[0.3107212781906128, 0.32074040174484253, 0.3298843502998352, 0.33973029255867004, 0.35015058517456055, 0.3606802523136139]","[0.04366359859704971, 0.04637177288532257, 0.04669307917356491, 0.046882424503564835, 0.04702012613415718, 0.04712914302945137]",0.02161516807973385,0.3107212781906128,0.04366359859704971,0.022048430517315865,0.9467878971730682,0.9116605483378132,0.9562767784043994,16,0.05511625370857132,0.055092448263267646
case_013_v2,"(0.02136853151023388, 0.8926812410354614)",0.037504593798615565,"[0.02412627823650837, 0.02562267892062664, 0.02580021694302559, 0.025904839858412743, 0.025980927050113678, 0.026041163131594658]","[0.35203057527542114, 0.3633817434310913, 0.37374135851860046, 0.38489627838134766, 0.3967018723487854, 0.40863144397735596]","[0.044805124402046204, 0.04758410155773163, 0.047913808375597, 0.04810810461640358, 0.04824940487742424, 0.04836127161979675]",0.02412627823650837,0.35203057527542114,0.044805124402046204,0.020678846165537834,1.0567796418212827,1.0328627080654775,0.9812773722880141,11,0.05534172746873833,0.06970434369896938
case_014_v2,"(-0.017727047204971313, 0.8981766700744629)",0.042515671626550455,"[0.020958159118890762, 0.022258060052990913, 0.022412285208702087, 0.022503169253468513, 0.022569265216588974, 0.02262159250676632]","[0.3559873402118683, 0.3674660921096802, 0.37794214487075806, 0.3892224431037903, 0.40116074681282043, 0.41322439908981323]","[0.045311860740184784, 0.04812226817011833, 0.04845570772886276, 0.048652198165655136, 0.048795100301504135, 0.04890822991728783]",0.020958159118890762,0.3559873402118683,0.045311860740184784,0.02435370162129402,0.9180095721551284,1.04447187011929,0.9923754460502775,14,0.055766327694523166,0.059264971072103934
case_015_v2,"(-0.14613507688045502, 0.887934684753418)",0.04445423889678333,"[0.02372639998793602, 0.025197995826601982, 0.025372592732310295, 0.025475481525063515, 0.02555030584335327, 0.025609545409679413]","[0.337159663438797, 0.34803131222724915, 0.3579533100128174, 0.3686370253562927, 0.37994393706321716, 0.3913695514202118]","[0.04457348585128784, 0.0473380945622921, 0.047666098922491074, 0.04785938933491707, 0.04799995943903923, 0.04811124876141548]",0.02372639998793602,0.337159663438797,0.04457348585128784,0.020847085863351822,1.0392640750155473,0.9892312551148061,0.9762042452192965,16,0.05541862460219538,0.05573839588295326
case_016_v2,"(-0.32345274090766907, 0.8459154963493347)",0.038988049421892795,"[0.020947210490703583, 0.022246431559324265, 0.02240057662129402, 0.022491414099931717, 0.022557474672794342, 0.02260977402329445]","[0.3147909939289093, 0.32494136691093445, 0.33420509099960327, 0.34417998790740967, 0.3547367453575134, 0.365404337644577]","[0.04987804964184761, 0.05297166854143143, 0.053338706493377686, 0.05355500057339668, 0.05371230095624924, 0.05383683368563652]",0.020947210490703583,0.3147909939289093,0.04987804964184761,0.028930839151144028,0.9175299838632203,0.9236011804241031,1.092379532909903,13,0.06670895478608141,0.05537239083866907
case_017_v2,"(-0.3622802197933197, 0.8313716053962708)",0.036445864432302494,"[0.024102775380015373, 0.025597717612981796, 0.025775082409381866, 0.025879602879285812, 0.02595561556518078, 0.026015793904662132]","[0.3556145131587982, 0.3670812249183655, 0.3775463104248047, 0.3888148069381714, 0.4007406234741211, 0.4127916395664215]","[0.04519756883382797, 0.04800088703632355, 0.04833348095417023, 0.048529479652643204, 0.048672016710042953, 0.04878486692905426]",0.024102775380015373,0.3556145131587982,0.04519756883382797,0.0210947934538126,1.055750180793159,1.0433780378317992,0.9898723004287577,11,0.07049043523579912,0.056671534746901564
case_018_v2,"(-0.4925219714641571, 0.7594786882400513)",0.037651591744088476,"[0.022628074511885643, 0.02403154969215393, 0.02419806458055973, 0.024296190589666367, 0.024367552250623703, 0.024424048140645027]","[0.32054129242897034, 0.3308770954608917, 0.3403100371360779, 0.35046714544296265, 0.3612167239189148, 0.37207919359207153]","[0.043887995183467865, 0.046610087156295776, 0.046933047473430634, 0.047123365104198456, 0.04726177453994751, 0.04737135022878647]",0.022628074511885643,0.32054129242897034,0.043887995183467865,0.021259920671582222,0.9911552579667222,0.9404726729590461,0.9611913248301306,13,0.06763702393171278,0.05711526792984811
case_019_v2,"(-0.5848913788795471, 0.6844382286071777)",0.04376146953369103,"[0.024010401219129562, 0.02549961395561695, 0.025676298886537552, 0.025780418887734413, 0.0258561410009861, 0.02591608837246895]","[0.3557899296283722, 0.3672623038291931, 0.3777325451374054, 0.3890065848827362, 0.4009382724761963, 0.41299524903297424]","[0.04503987357020378, 0.047833409160375595, 0.04816484451293945, 0.04836016148328781, 0.048502203077077866, 0.04861465469002724]",0.024010401219129562,0.3557899296283722,0.04503987357020378,0.02102947235107422,1.051703905967042,1.0438925911901875,0.9864186079550208,16,0.05665161015321263,0.05588992834104278
case_020_v2,"(-0.6529669761657715, 0.614013671875)",0.039947918184991785,"[0.020932573825120926, 0.022230887785553932, 0.022384924814105034, 0.022475697100162506, 0.02254171296954155, 0.02259397692978382]","[0.3350909352302551, 0.3458958864212036, 0.3557569980621338, 0.3663751482963562, 0.3776126503944397, 0.38896819949150085]","[0.04147401824593544, 0.04404639080166817, 0.04435158520936966, 0.044531434774398804, 0.0446622297167778, 0.04476578161120415]",0.020932573825120926,0.3350909352302551,0.04147401824593544,0.020541444420814514,0.9168888642279779,0.983161480434122,0.9083228347723785,12,0.056468802562471776,0.06369421979382839
case_021_v2,"(-0.7550529837608337, 0.4889627993106842)",0.04371591709550593,"[0.021019138395786285, 0.022322820499539375, 0.022477494552731514, 0.02256864309310913, 0.022634930908679962, 0.022687410935759544]","[0.3468043804168701, 0.35798701643943787, 0.3681928217411041, 0.3791821300983429, 0.390812486410141, 0.4025649428367615]","[0.04265185445547104, 0.045297276228666306, 0.04561113938689232, 0.045796096324920654, 0.04593060910701752, 0.04603710025548935]",0.021019138395786285,0.3468043804168701,0.04265185445547104,0.021632716059684753,0.9206805935445104,1.0175289144355424,0.9341185937073773,15,0.05591316121074341,0.056719415043531396
case_022_v2,"(-0.7875961661338806, 0.4349869191646576)",0.036240949998836584,"[0.02324512042105198, 0.024686867371201515, 0.02485792152583599, 0.024958724156022072, 0.025032030418515205, 0.025090068578720093]","[0.3083014488220215, 0.31824254989624023, 0.3273153007030487, 0.33708456158638, 0.3474236726760864, 0.3578713834285736]","[0.0498475655913353, 0.052939292043447495, 0.053306106477975845, 0.0535222664475441, 0.05367946997284889, 0.053803928196430206]",0.02324512042105198,0.3083014488220215,0.0498475655913353,0.026602445170283318,1.0181830982962834,0.9045607742059395,1.0917118426482892,9,0.06355131536699099,0.06402018156446665
case_023_v2,"(-0.8339318037033081, 0.3330387771129608)",0.03900463494637841,"[0.02278756909072399, 0.024200936779379845, 0.02436862327158451, 0.02446744032204151, 0.02453930489718914, 0.02459620125591755]","[0.37067487835884094, 0.3826272189617157, 0.3935354948043823, 0.4052812159061432, 0.4177120625972748, 0.43027347326278687]","[0.0463150218129158, 0.04918764904141426, 0.049528468400239944, 0.04972930997610092, 0.049875374883413315, 0.04999101161956787]",0.02278756909072399,0.37067487835884094,0.0463150218129158,0.02352745272219181,0.9981413988709043,1.0875652909949967,1.014345610475215,12,0.05899480926641398,0.06305338974625452
case_024_v2,"(-0.8811647891998291, 0.187665194272995)",0.03710373633497917,"[0.0229243915528059, 0.02434624545276165, 0.02451493963599205, 0.024614350870251656, 0.024686647579073906, 0.024743882939219475]","[0.3366658389568329, 0.34752157330513, 0.35742902755737305, 0.36809706687927246, 0.37938740849494934, 0.3907963037490845]","[0.041291363537311554, 0.04385240375995636, 0.04415625333786011, 0.04433531314134598, 0.04446553438901901, 0.04456862807273865]",0.0229243915528059,0.3366658389568329,0.041291363537311554,0.018366971984505653,1.0041344804943075,0.9877822920610094,0.9043224159760661,13,0.06377991906797309,0.06206727640900267
case_025_v2,"(-0.9021185636520386, 0.09514705091714859)",0.03661611418933845,"[0.021042756736278534, 0.02234790474176407, 0.022502752020955086, 0.02259400300681591, 0.02266036532819271, 0.02271290495991707]","[0.35257092118263245, 0.363939493894577, 0.3743150234222412, 0.38548704981803894, 0.3973107933998108, 0.4092586636543274]","[0.04366222769021988, 0.04637031629681587, 0.046691615134477615, 0.04688095301389694, 0.04701865091919899, 0.04712766408920288]",0.021042756736278534,0.35257092118263245,0.04366222769021988,0.022619470953941345,0.9217151482270888,1.0344480186079623,0.9562467567678017,12,0.07040889597770239,0.05641282533463243
case_026_v2,"(-0.9048343896865845, 0.014134331606328487)",0.039757083392340735,"[0.021598156541585922, 0.022937752306461334, 0.023096688091754913, 0.023190347477793694, 0.02325846068561077, 0.023312386125326157]","[0.30929726362228394, 0.3192704916000366, 0.3283725380897522, 0.33817335963249207, 0.3485458791255951, 0.35902729630470276]","[0.04616091027855873, 0.04902397841215134, 0.04936366528272629, 0.04956384003162384, 0.049709416925907135, 0.04982466995716095]",0.021598156541585922,0.30929726362228394,0.04616091027855873,0.02456275373697281,0.9460427981789762,0.9074825112352359,1.0109704938782966,14,0.06504776264236656,0.05549664812581445
case_027_v2,"(-0.8787761330604553, -0.16096770763397217)",0.03746911726373028,"[0.021875331178307533, 0.023232119157910347, 0.023393092676997185, 0.023487955331802368, 0.023556942120194435, 0.023611560463905334]","[0.3418563902378082, 0.35287949442863464, 0.3629396855831146, 0.3737722337245941, 0.3852366507053375, 0.39682143926620483]","[0.04343147575855255, 0.046125251799821854, 0.0464448519051075, 0.04663319140672684, 0.046770159155130386, 0.046878598630428314]",0.021875331178307533,0.3418563902378082,0.04343147575855255,0.021556144580245018,0.9581835676280238,1.003011425846343,0.9511930181135206,12,0.05567891257436686,0.06943805939246128
case_028_v2,"(-0.8636607527732849, -0.2514464855194092)",0.04278287540579674,"[0.022533653303980827, 0.023931272327899933, 0.02409709058701992, 0.024194806814193726, 0.024265872314572334, 0.024322131648659706]","[0.3743932545185089, 0.38646548986434937, 0.3974831998348236, 0.40934672951698303, 0.42190229892730713, 0.4345897138118744]","[0.04923679307103157, 0.05229064077138901, 0.052652958780527115, 0.05286647379398346, 0.05302175134420395, 0.053144682198762894]",0.022533653303980827,0.3743932545185089,0.04923679307103157,0.026703139767050743,0.9870194120006076,1.0984751128111676,1.0783354532509828,14,0.05642082295508988,0.058076461947505265
case_029_v2,"(-0.8577739000320435, -0.2907264232635498)",0.03893690773884297,"[0.024072008207440376, 0.025565041229128838, 0.02574218064546585, 0.0258465688675642, 0.025922484695911407, 0.025982584804296494]","[0.35184982419013977, 0.36319515109062195, 0.3735494315624237, 0.38469862937927246, 0.3964981734752655, 0.4084216356277466]","[0.044506244361400604, 0.047266680747270584, 0.04759418964385986, 0.04778718948364258, 0.047927550971508026, 0.04803866893053055]",0.024072008207440376,0.35184982419013977,0.044506244361400604,0.020434236153960228,1.0544024864221977,1.0323322526335523,0.9747315457747421,14,0.06641371326960566,0.05576984036977528
case_030_v2,"(-0.8082267642021179, -0.40030795335769653)",0.03768902462236609,"[0.021647270768880844, 0.022989913821220398, 0.02314920909702778, 0.02324308268725872, 0.023311350494623184, 0.02336539886891842]","[0.31511491537094116, 0.3252757489681244, 0.3345489799976349, 0.34453415870666504, 0.3551017642021179, 0.3657803535461426]","[0.04868372157216072, 0.05170326307415962, 0.05206151306629181, 0.052272628992795944, 0.052426159381866455, 0.05254771187901497]",0.021647270768880844,0.31511491537094116,0.04868372157216072,0.027036450803279877,0.948194115001137,0.9245515864822972,1.0662225344249814,10,0.06379742968897839,0.06088005156912757
case_031_v2,"(-0.7078539133071899, -0.5539163947105408)",0.04251111779303514,"[0.02454025112092495, 0.02606232650578022, 0.02624291181564331, 0.026349328458309174, 0.02642672136425972, 0.026487991213798523]","[0.3201371729373932, 0.33045992255210876, 0.33988097310066223, 0.3500252664089203, 0.3607613146305084, 0.3716101050376892]","[0.0439278781414032, 0.04665244370698929, 0.046975694596767426, 0.047166187316179276, 0.04730472341179848, 0.047414399683475494]",0.02454025112092495,0.3201371729373932,0.0439278781414032,0.01938762702047825,1.074912408167493,0.9392869331429147,0.962064734580019,14,0.055725300932158106,0.05931509879194241
case_032_v2,"(-0.6422134637832642, -0.6316739320755005)",0.03682748756942797,"[0.020610634237527847, 0.021888980641961098, 0.022040648385882378, 0.022130025550723076, 0.02219502441585064, 0.022246483713388443]","[0.3224017322063446, 0.33279749751091003, 0.3422851860523224, 0.35250124335289, 0.3633132576942444, 0.3742387592792511]","[0.04229779914021492, 0.04492126405239105, 0.04523251950740814, 0.04541594162583351, 0.045549336820840836, 0.04565494507551193]",0.020610634237527847,0.3224017322063446,0.04229779914021492,0.021687164902687073,0.9027872575416404,0.9459312059997711,0.9263644435573042,11,0.0633034493523521,0.06309583663450402
case_033_v2,"(-0.5429928302764893, -0.7111316323280334)",0.0369658662733597,"[0.023717001080513, 0.025188015773892403, 0.025362543761730194, 0.02546539157629013, 0.0255401860922575, 0.0255994014441967]","[0.34635940194129944, 0.3575276732444763, 0.3677203953266144, 0.37869560718536377, 0.39031103253364563, 0.4020484387874603]","[0.04291835054755211, 0.04558030143380165, 0.045896127820014954, 0.04608223959803581, 0.04621759057044983, 0.046324748545885086]",0.023717001080513,0.34635940194129944,0.04291835054755211,0.01920134946703911,1.0388524871285774,1.0162233218441805,0.9399551303320115,12,0.056995249467696185,0.06912748299662086
case_034_v2,"(-0.4832451343536377, -0.7603832483291626)",0.04494296319145374,"[0.024782251566648483, 0.026319336146116257, 0.026501702144742012, 0.02660916931927204, 0.026687324047088623, 0.026749199256300926]","[0.3338482975959778, 0.3446131646633148, 0.3544377088546753, 0.36501649022102356, 0.37621235847473145, 0.3875257670879364]","[0.04384226351976395, 0.04656152054667473, 0.046884145587682724, 0.04707426577806473, 0.04721252992749214, 0.04732199385762215]",0.024782251566648483,0.3338482975959778,0.04384226351976395,0.019060011953115463,1.0855125102013017,0.9795156387649882,0.960189738356188,15,0.05517229120496292,0.055008000770658705
case_035_v2,"(-0.3771597146987915, -0.8177621364593506)",0.04450962667521628,"[0.021854912862181664, 0.023210434243083, 0.0233712587505579, 0.02346603199839592, 0.023534955456852913, 0.023589521646499634]","[0.3697874844074249, 0.3817112147808075, 0.3925933539867401, 0.4043109714984894, 0.41671207547187805, 0.42924338579177856]","[0.04132101684808731, 0.04388389736413956, 0.044187966734170914, 0.04436715319752693, 0.04449746757745743, 0.04460063576698303]",0.021854912862181664,0.3697874844074249,0.04132101684808731,0.019466103985905647,0.957289245376411,1.0849616858624056,0.9049718982772513,16,0.055110803263626496,0.055935523272265364
case_036_v2,"(-0.2679852247238159, -0.8620736002922058)",0.04201072402332938,"[0.021187791600823402, 0.022501934319734573, 0.0226578488945961, 0.022749729454517365, 0.022816549986600876, 0.022869449108839035]","[0.33531635999679565, 0.34612855315208435, 0.355996310710907, 0.36662158370018005, 0.3778666853904724, 0.38922983407974243]","[0.04991762712597847, 0.05301370099186897, 0.05338102951645851, 0.05359749495983124, 0.05375492200255394, 0.05387955158948898]",0.021187791600823402,0.33531635999679565,0.04991762712597847,0.028729835525155067,0.9280679194127825,0.9838228638632608,1.0932463824286365,14,0.05974032436922727,0.056300125620823205
case_037_v2,"(-0.1352304220199585, -0.8913381099700928)",0.03848961112949651,"[0.020628442987799644, 0.02190789394080639, 0.022059693932533264, 0.02214914746582508, 0.02221420407295227, 0.022265708073973656]","[0.3141869008541107, 0.3243178129196167, 0.33356374502182007, 0.34351950883865356, 0.3540560007095337, 0.36470311880111694]","[0.04866834357380867, 0.051686931401491165, 0.0520450696349144, 0.05225611850619316, 0.05240960419178009, 0.05253111571073532]",0.020628442987799644,0.3141869008541107,0.04866834357380867,0.028039900586009026,0.9035673567953976,0.921828799353147,1.0658857229765473,13,0.06194113285482883,0.06113635496242675
case_038_v2,"(-0.06588779389858246, -0.8981088399887085)",0.04061276065110774,"[0.023314068093895912, 0.024760091677308083, 0.02493165247142315, 0.025032753124833107, 0.02510627917945385, 0.025164488703012466]","[0.3658972978591919, 0.37769559025764465, 0.3884632885456085, 0.4000576138496399, 0.41232824325561523, 0.42472773790359497]","[0.04660157486796379, 0.04949197173118591, 0.049834899604320526, 0.05003698542714119, 0.05018395557999611, 0.05030030757188797]",0.023314068093895912,0.3658972978591919,0.04660157486796379,0.02328750677406788,1.0212031641400023,1.0735477907552022,1.0206214314677453,14,0.05876237735310297,0.06007193964092816
case_039_v2,"(0.028634540736675262, -0.9039667844772339)",0.03854993544496372,"[0.023523718118667603, 0.024982742965221405, 0.025155847892165184, 0.025257857516407967, 0.025332044810056686, 0.025390777736902237]","[0.3658803701400757, 0.3776780962944031, 0.38844528794288635, 0.40003907680511475, 0.4123091399669647, 0.4247080683708191]","[0.04523898661136627, 0.048044875264167786, 0.04837777465581894, 0.04857395216822624, 0.048716623336076736, 0.0488295704126358]",0.023523718118667603,0.3658803701400757,0.04523898661136627,0.02171526849269867,1.0303862051159949,1.073498126350465,0.99077937641526,9,0.0646660533663358,0.05829087470102168
case_040_v2,"(0.18075647950172424, -0.8881862163543701)",0.03719259866289048,"[0.02427545189857483, 0.02578110434114933, 0.025959739461541176, 0.026065010577440262, 0.026141567155718803, 0.02620217762887478]","[0.3139233887195587, 0.3240457773208618, 0.3332839608192444, 0.3432313799858093, 0.3537590205669403, 0.36439722776412964]","[0.04170181602239609, 0.04428831487894058, 0.04459518566727638, 0.04477602615952492, 0.04490754008293152, 0.04501165822148323]",0.02427545189857483,0.3139233887195587,0.04170181602239609,0.01742636412382126,1.0633137526847822,0.921055615970825,0.9133117713910357,10,0.06792215944170099,0.057747442308012875
case_041_v2,"(0.2414986491203308, -0.8642264604568481)",0.039270801235069035,"[0.02196398936212063, 0.023326275870203972, 0.02348790131509304, 0.023583147674798965, 0.023652415722608566, 0.023707253858447075]","[0.31655415892601013, 0.326761394739151, 0.3360770046710968, 0.34610775113105774, 0.3567236363887787, 0.367451012134552]","[0.04950430244207382, 0.05257473886013031, 0.052939027547836304, 0.05315370112657547, 0.05330982059240341, 0.05343342199921608]",0.02196398936212063,0.31655415892601013,0.04950430244207382,0.027540313079953194,0.962066934784815,0.9287743865942286,1.0841940944974902,13,0.05676905158362833,0.06474720701749481
case_042_v2,"(0.35099586844444275, -0.8320407867431641)",0.035800728989407636,"[0.021074328571558, 0.022381434217095375, 0.022536514326930046, 0.022627903148531914, 0.022694364190101624, 0.02274698205292225]","[0.3081885576248169, 0.31812605261802673, 0.3271954655647278, 0.33696115016937256, 0.34729647636413574, 0.3577403426170349]","[0.04159987345337868, 0.044180046766996384, 0.04448616877198219, 0.04466656595468521, 0.044797759503126144, 0.04490162432193756]",0.021074328571558,0.3081885576248169,0.04159987345337868,0.02052554488182068,0.923098012733071,0.9042296032672881,0.911079081832852,10,0.06590736618056159,0.06254392415402932
case_043_v2,"(0.4803163409233093, -0.7556887269020081)",0.03565212593019188,"[0.02365514449775219, 0.025122322142124176, 0.025296393781900406, 0.025398973375558853, 0.025473574176430702, 0.025532634928822517]","[0.3335792124271393, 0.3443354070186615, 0.35415202379226685, 0.36472228169441223, 0.37590911984443665, 0.38721340894699097]","[0.04399789497256279, 0.04672680422663689, 0.04705056920647621, 0.047241367399692535, 0.047380123287439346, 0.04748997464776039]",0.02365514449775219,0.3335792124271393,0.04399789497256279,0.0203427504748106,1.0361429053599014,0.9787260913664056,0.9635982193904099,10,0.05840278254951792,0.07034549495375231
case_044_v2,"(0.5657810568809509, -0.6987015604972839)",0.035738811798913916,"[0.02162797749042511, 0.022969422861933708, 0.023128576576709747, 0.023222366347908974, 0.023290572687983513, 0.023344572633504868]","[0.3237467408180237, 0.3341858983039856, 0.3437131643295288, 0.35397183895111084, 0.3648289442062378, 0.3758000433444977]","[0.04631049931049347, 0.049182843416929245, 0.04952362924814224, 0.049724455922842026, 0.04987050220370293, 0.04998612776398659]",0.02162797749042511,0.3237467408180237,0.04631049931049347,0.02468252182006836,0.9473489742208793,0.9498775151664424,1.0142465303485546,11,0.06193989513333531,0.06663513835428592
case_045_v2,"(0.6253576278686523, -0.6573219299316406)",0.036486697123698134,"[0.022938456386327744, 0.024361183866858482, 0.02452998049557209, 0.02462945319712162, 0.024701792746782303, 0.024759065359830856]","[0.313677579164505, 0.323792040348053, 0.33302298188209534, 0.3429626226425171, 0.35348203778266907, 0.36411190032958984]","[0.048705145716667175, 0.05172601714730263, 0.05208442360162735, 0.05229563266038895, 0.05244923382997513, 0.05257083475589752]",0.022938456386327744,0.313677579164505,0.048705145716667175,0.025766689330339432,1.0047505897435276,0.9203343805807432,1.066691710757712,12,0.06940856787758587,0.05767179688466284
case_046_v2,"(0.7474637031555176, -0.5041602849960327)",0.04463724913993322,"[0.024668514728546143, 0.02619854547083378, 0.02638007514178753, 0.026487048715353012, 0.02656484581530094, 0.026626436039805412]","[0.3735204041004181, 0.38556450605392456, 0.3965565264225006, 0.40839239954948425, 0.42091870307922363, 0.4335764944553375]","[0.04841809719800949, 0.051421165466308594, 0.05177745968103409, 0.051987424492836, 0.052140120416879654, 0.05226100608706474]",0.024668514728546143,0.3735204041004181,0.04841809719800949,0.02374958246946335,1.0805306287855234,1.0959141361173186,1.0604051760547188,15,0.055616396167918025,0.055174873475765884
case_047_v2,"(0.8078027367591858, -0.39824527502059937)",0.04194199048390274,"[0.021161366254091263, 0.02247387170791626, 0.022629590705037117, 0.02272135578095913, 0.022788092494010925, 0.02284092828631401]","[0.3432886004447937, 0.35435786843299866, 0.3644602298736572, 0.3753381371498108, 0.38685059547424316, 0.39848390221595764]","[0.04578988254070282, 0.048629939556121826, 0.048966892063617706, 0.04916545748710632, 0.0493098646402359, 0.0494241900742054]",0.021161366254091263,0.3432886004447937,0.04578988254070282,0.024628516286611557,0.9269104416826295,1.0072136071895275,1.002844574038083,13,0.0573790119725871,0.05879880382524261
case_048_v2,"(0.8351022601127625, -0.3336853086948395)",0.04125334052892328,"[0.02346724458038807, 0.024922769516706467, 0.025095457211136818, 0.02519722282886505, 0.025271231308579445, 0.025329822674393654]","[0.3249107301235199, 0.3353874087333679, 0.344948947429657, 0.355244517326355, 0.3661406338214874, 0.3771511912345886]","[0.04237036406993866, 0.044998329132795334, 0.0453101210296154, 0.04549385607242584, 0.04562747851014137, 0.045733269304037094]",0.02346724458038807,0.3249107301235199,0.04237036406993866,0.01890311948955059,1.0279126542474222,0.9532926635001693,0.9279536821907914,14,0.05675685683431786,0.060797244225873404
case_049_v2,"(0.8741964101791382, -0.2390442043542862)",0.03945314711856928,"[0.02222505770623684, 0.023603538051247597, 0.02376708574593067, 0.02386346273124218, 0.02393355406820774, 0.02398904412984848]","[0.3317224979400635, 0.3424188196659088, 0.3521808087825775, 0.3626922070980072, 0.3738167881965637, 0.3850581645965576]","[0.044084690511226654, 0.04681898280978203, 0.04714338853955269, 0.04733455926179886, 0.047473590821027756, 0.04758365824818611]",0.02222505770623684,0.3317224979400635,0.044084690511226654,0.021859632804989815,0.9735023620230256,0.9732784899652496,0.9654991128825091,13,0.06558150751169456,0.055570327988404555
case_050_v2,"(0.894692063331604, -0.10947269201278687)",0.044788810108401536,"[0.024731045588850975, 0.02626495435833931, 0.02644694223999977, 0.026554187759757042, 0.02663218230009079, 0.026693928986787796]","[0.33952873945236206, 0.35047677159309387, 0.36046847701072693, 0.3712272644042969, 0.3826135993003845, 0.394119530916214]","[0.04409259557723999, 0.04682737961411476, 0.0471518449485302, 0.04734304919838905, 0.04748210310935974, 0.04759219288825989]",0.024731045588850975,0.33952873945236206,0.04409259557723999,0.019361549988389015,1.0832696039076357,0.9961820856600158,0.9656722410009378,15,0.055392841653185365,0.05509552936145801
